<?xml version="1.0" encoding="UTF-8"?>

<gourpList> 
  <soundName soundName="我落泪情绪零碎.mp3"> 
    <filePath>D:\CloudMusic\我落泪情绪零碎.mp3</filePath> 
  </soundName>  
  <soundName soundName="退后.mp3"> 
    <filePath>D:\CloudMusic\退后.mp3</filePath> 
  </soundName>  
  <soundName soundName="说了再见.mp3"> 
    <filePath>D:\CloudMusic\说了再见.mp3</filePath> 
  </soundName>  
  <soundName soundName="说好的幸福呢.mp3"> 
    <filePath>D:\CloudMusic\说好的幸福呢.mp3</filePath> 
  </soundName>  
  <soundName soundName="蒲公英的约定.mp3"> 
    <filePath>D:\CloudMusic\蒲公英的约定.mp3</filePath> 
  </soundName>  
  <soundName soundName="明明就.mp3"> 
    <filePath>D:\CloudMusic\明明就.mp3</filePath> 
  </soundName>  
  <soundName soundName="开不了口.mp3"> 
    <filePath>D:\CloudMusic\开不了口.mp3</filePath> 
  </soundName>  
  <soundName soundName="借口.mp3"> 
    <filePath>D:\CloudMusic\借口.mp3</filePath> 
  </soundName>  
  <soundName soundName="嘉宾.mp3"> 
    <filePath>D:\CloudMusic\嘉宾.mp3</filePath> 
  </soundName>  
  <soundName soundName="轨迹.mp3"> 
    <filePath>D:\CloudMusic\轨迹.mp3</filePath> 
  </soundName>  
  <soundName soundName="搁浅.mp3"> 
    <filePath>D:\CloudMusic\搁浅.mp3</filePath> 
  </soundName>  
  <soundName soundName="刚刚好.mp3"> 
    <filePath>D:\CloudMusic\刚刚好.mp3</filePath> 
  </soundName>  
  <soundName soundName="枫.mp3"> 
    <filePath>D:\CloudMusic\枫.mp3</filePath> 
  </soundName>  
  <soundName soundName="成全.mp3"> 
    <filePath>D:\CloudMusic\成全.mp3</filePath> 
  </soundName>  
  <soundName soundName="彩虹.mp3"> 
    <filePath>D:\CloudMusic\彩虹.mp3</filePath> 
  </soundName>  
  <soundName soundName="不能说的秘密.mp3"> 
    <filePath>D:\CloudMusic\不能说的秘密.mp3</filePath> 
  </soundName>  
  <soundName soundName="不该.mp3"> 
    <filePath>D:\CloudMusic\不该.mp3</filePath> 
  </soundName>  
  <soundName soundName="暗号.mp3"> 
    <filePath>D:\CloudMusic\暗号.mp3</filePath> 
  </soundName>  
  <soundName soundName="安静.mp3"> 
    <filePath>D:\CloudMusic\安静.mp3</filePath> 
  </soundName>  
  <soundName soundName="[米滋]水星记.mp3"> 
    <filePath>D:\CloudMusic\[米滋]水星记.mp3</filePath> 
  </soundName>  
  <soundName soundName="路小雨-guitar.mp3"> 
    <filePath>D:\CloudMusic\路小雨-guitar.mp3</filePath> 
  </soundName>  
  <soundName soundName="突然好想你.mp3"> 
    <filePath>D:\CloudMusic\突然好想你.mp3</filePath> 
  </soundName>  
  <soundName soundName="那些你很冒险的梦.mp3"> 
    <filePath>D:\CloudMusic\那些你很冒险的梦.mp3</filePath> 
  </soundName>  
  <soundName soundName="后来的我们.mp3"> 
    <filePath>D:\CloudMusic\后来的我们.mp3</filePath> 
  </soundName>  
  <soundName soundName="我不愿让你一个人.mp3"> 
    <filePath>D:\CloudMusic\我不愿让你一个人.mp3</filePath> 
  </soundName>  
  <soundName soundName="步步.mp3"> 
    <filePath>D:\CloudMusic\步步.mp3</filePath> 
  </soundName>  
  <soundName soundName="其实.mp3"> 
    <filePath>D:\CloudMusic\其实.mp3</filePath> 
  </soundName>  
  <soundName soundName="动物世界.mp3"> 
    <filePath>D:\CloudMusic\动物世界.mp3</filePath> 
  </soundName>  
  <soundName soundName="天后.mp3"> 
    <filePath>D:\CloudMusic\天后.mp3</filePath> 
  </soundName>  
  <soundName soundName="我好像在哪见过你.mp3"> 
    <filePath>D:\CloudMusic\我好像在哪见过你.mp3</filePath> 
  </soundName>  
  <soundName soundName="你还要我怎样.mp3"> 
    <filePath>D:\CloudMusic\你还要我怎样.mp3</filePath> 
  </soundName>  
  <soundName soundName="崇拜.mp3"> 
    <filePath>D:\CloudMusic\崇拜.mp3</filePath> 
  </soundName>  
  <soundName soundName="可惜没如果.mp3"> 
    <filePath>D:\CloudMusic\可惜没如果.mp3</filePath> 
  </soundName>  
  <soundName soundName="我还想她.mp3"> 
    <filePath>D:\CloudMusic\我还想她.mp3</filePath> 
  </soundName>  
  <soundName soundName="达尔文.mp3"> 
    <filePath>D:\CloudMusic\达尔文.mp3</filePath> 
  </soundName>  
  <soundName soundName="说好不哭.mp3"> 
    <filePath>D:\CloudMusic\说好不哭.mp3</filePath> 
  </soundName>  
  <soundName soundName="知足.mp3"> 
    <filePath>D:\CloudMusic\知足.mp3</filePath> 
  </soundName>  
  <soundName soundName="下雨天.mp3"> 
    <filePath>D:\CloudMusic\下雨天.mp3</filePath> 
  </soundName>  
  <soundName soundName="一路向北.mp3"> 
    <filePath>D:\CloudMusic\一路向北.mp3</filePath> 
  </soundName>  
  <soundName soundName="交换余生.mp3"> 
    <filePath>D:\CloudMusic\交换余生.mp3</filePath> 
  </soundName>  
  <soundName soundName="你不是真正的快乐.mp3"> 
    <filePath>D:\CloudMusic\你不是真正的快乐.mp3</filePath> 
  </soundName>  
  <soundName soundName="玫瑰少年.mp3"> 
    <filePath>D:\CloudMusic\玫瑰少年.mp3</filePath> 
  </soundName>  
  <soundName soundName="违背的青春.mp3"> 
    <filePath>D:\CloudMusic\违背的青春.mp3</filePath> 
  </soundName>  
  <soundName soundName="无赖.mp3"> 
    <filePath>D:\CloudMusic\无赖.mp3</filePath> 
  </soundName>  
  <soundName soundName="有没有.mp3"> 
    <filePath>D:\CloudMusic\有没有.mp3</filePath> 
  </soundName>  
  <soundName soundName="温柔.mp3"> 
    <filePath>D:\CloudMusic\温柔.mp3</filePath> 
  </soundName>  
  <soundName soundName="为你写下这首情歌.mp3"> 
    <filePath>D:\CloudMusic\为你写下这首情歌.mp3</filePath> 
  </soundName>  
  <soundName soundName="方圆几里.mp3"> 
    <filePath>D:\CloudMusic\方圆几里.mp3</filePath> 
  </soundName>  
  <soundName soundName="星空.mp3"> 
    <filePath>D:\CloudMusic\星空.mp3</filePath> 
  </soundName>  
  <soundName soundName="干杯.mp3"> 
    <filePath>D:\CloudMusic\干杯.mp3</filePath> 
  </soundName>  
  <soundName soundName="不遗憾.mp3"> 
    <filePath>D:\CloudMusic\不遗憾.mp3</filePath> 
  </soundName>  
  <soundName soundName="挚友.mp3"> 
    <filePath>D:\CloudMusic\挚友.mp3</filePath> 
  </soundName>  
  <soundName soundName="怎么了.mp3"> 
    <filePath>D:\CloudMusic\怎么了.mp3</filePath> 
  </soundName>  
  <soundName soundName="你 好不好.mp3"> 
    <filePath>D:\CloudMusic\你 好不好.mp3</filePath> 
  </soundName>  
  <soundName soundName="以后别做朋友.mp3"> 
    <filePath>D:\CloudMusic\以后别做朋友.mp3</filePath> 
  </soundName>  
  <soundName soundName="你不属于我.mp3"> 
    <filePath>D:\CloudMusic\你不属于我.mp3</filePath> 
  </soundName>  
  <soundName soundName="生生.mp3"> 
    <filePath>D:\CloudMusic\生生.mp3</filePath> 
  </soundName>  
  <soundName soundName="好好.mp3"> 
    <filePath>D:\CloudMusic\好好.mp3</filePath> 
  </soundName>  
  <soundName soundName="迟迟.mp3"> 
    <filePath>D:\CloudMusic\迟迟.mp3</filePath> 
  </soundName>  
  <soundName soundName="句号.mp3"> 
    <filePath>D:\CloudMusic\句号.mp3</filePath> 
  </soundName>  
  <soundName soundName="暗恋是一个人的事.mp3"> 
    <filePath>D:\CloudMusic\暗恋是一个人的事.mp3</filePath> 
  </soundName>  
  <soundName soundName="愿与愁.mp3"> 
    <filePath>D:\CloudMusic\愿与愁.mp3</filePath> 
  </soundName>  
  <soundName soundName="陪你度过漫长岁月.mp3"> 
    <filePath>D:\CloudMusic\陪你度过漫长岁月.mp3</filePath> 
  </soundName>  
  <soundName soundName="苦瓜.mp3"> 
    <filePath>D:\CloudMusic\苦瓜.mp3</filePath> 
  </soundName>  
  <soundName soundName="想你时风起.mp3"> 
    <filePath>D:\CloudMusic\想你时风起.mp3</filePath> 
  </soundName>  
  <soundName soundName="最重要的小事.mp3"> 
    <filePath>D:\CloudMusic\最重要的小事.mp3</filePath> 
  </soundName>  
  <soundName soundName="淘汰.mp3"> 
    <filePath>D:\CloudMusic\淘汰.mp3</filePath> 
  </soundName>  
  <soundName soundName="白色风车.mp3"> 
    <filePath>D:\CloudMusic\白色风车.mp3</filePath> 
  </soundName>  
  <soundName soundName="一点点.mp3"> 
    <filePath>D:\CloudMusic\一点点.mp3</filePath> 
  </soundName>  
  <soundName soundName="仓颉.mp3"> 
    <filePath>D:\CloudMusic\仓颉.mp3</filePath> 
  </soundName>  
  <soundName soundName="如果我们不曾相遇.mp3"> 
    <filePath>D:\CloudMusic\如果我们不曾相遇.mp3</filePath> 
  </soundName>  
  <soundName soundName="多远都要在一起.mp3"> 
    <filePath>D:\CloudMusic\多远都要在一起.mp3</filePath> 
  </soundName>  
  <soundName soundName="浮夸.mp3"> 
    <filePath>D:\CloudMusic\浮夸.mp3</filePath> 
  </soundName>  
  <soundName soundName="这么久没见.mp3"> 
    <filePath>D:\CloudMusic\这么久没见.mp3</filePath> 
  </soundName>  
  <soundName soundName="记得.mp3"> 
    <filePath>D:\CloudMusic\记得.mp3</filePath> 
  </soundName>  
  <soundName soundName="花海.mp3"> 
    <filePath>D:\CloudMusic\花海.mp3</filePath> 
  </soundName>  
  <soundName soundName="学不会.mp3"> 
    <filePath>D:\CloudMusic\学不会.mp3</filePath> 
  </soundName>  
  <soundName soundName="哪里都是你.mp3"> 
    <filePath>D:\CloudMusic\哪里都是你.mp3</filePath> 
  </soundName>  
  <soundName soundName="关键词.mp3"> 
    <filePath>D:\CloudMusic\关键词.mp3</filePath> 
  </soundName>  
  <soundName soundName="不流泪的机场.mp3"> 
    <filePath>D:\CloudMusic\不流泪的机场.mp3</filePath> 
  </soundName>  
  <soundName soundName="断了的弦.mp3"> 
    <filePath>D:\CloudMusic\断了的弦.mp3</filePath> 
  </soundName>  
  <soundName soundName="一时的选择.mp3"> 
    <filePath>D:\CloudMusic\一时的选择.mp3</filePath> 
  </soundName>  
  <soundName soundName="手心的蔷薇.mp3"> 
    <filePath>D:\CloudMusic\手心的蔷薇.mp3</filePath> 
  </soundName>  
  <soundName soundName="情书.mp3"> 
    <filePath>D:\CloudMusic\情书.mp3</filePath> 
  </soundName>  
  <soundName soundName="屋顶.mp3"> 
    <filePath>D:\CloudMusic\屋顶.mp3</filePath> 
  </soundName>  
  <soundName soundName="一半.mp3"> 
    <filePath>D:\CloudMusic\一半.mp3</filePath> 
  </soundName>  
  <soundName soundName="我心中尚未崩坏的地方.mp3"> 
    <filePath>D:\CloudMusic\我心中尚未崩坏的地方.mp3</filePath> 
  </soundName>  
  <soundName soundName="听见下雨的声音.mp3"> 
    <filePath>D:\CloudMusic\听见下雨的声音.mp3</filePath> 
  </soundName>  
  <soundName soundName="谁.mp3"> 
    <filePath>D:\CloudMusic\谁.mp3</filePath> 
  </soundName>  
  <soundName soundName="普通朋友.mp3"> 
    <filePath>D:\CloudMusic\普通朋友.mp3</filePath> 
  </soundName>  
  <soundName soundName="流沙.mp3"> 
    <filePath>D:\CloudMusic\流沙.mp3</filePath> 
  </soundName>  
  <soundName soundName="爱我还是他.mp3"> 
    <filePath>D:\CloudMusic\爱我还是他.mp3</filePath> 
  </soundName>  
  <soundName soundName="Melody.mp3"> 
    <filePath>D:\CloudMusic\Melody.mp3</filePath> 
  </soundName>  
  <soundName soundName="圣诞结.mp3"> 
    <filePath>D:\CloudMusic\圣诞结.mp3</filePath> 
  </soundName>  
  <soundName soundName="裹着心的光.mp3"> 
    <filePath>D:\CloudMusic\裹着心的光.mp3</filePath> 
  </soundName>  
  <soundName soundName="红尘客栈.mp3"> 
    <filePath>D:\CloudMusic\红尘客栈.mp3</filePath> 
  </soundName>  
  <soundName soundName="爱情悬崖.mp3">
    <filePath>D:\CloudMusic\爱情悬崖.mp3</filePath>
  </soundName>
</gourpList>
